<E><A KH="t/BHclwjXR+GbDoLuLTjjNMvPn4=" KH2="sha256:MOMx4PAUp1oQMny46BnZ3fySwBnROifopbpz928lkLo=" CE="MIIC4jCCAcqgAwIBAgIQFfX9LyUkz4BAyQocHv6UajANBgkqhkiG9w0BAQsFADAa&#xA;MRgwFgYDVQQDEw9MQVBUT1AtNDBOMTBTVFEwHhcNMTkwMjA2MDUxNDUwWhcNMTkw&#xA;ODA4MDUxNDUwWjAaMRgwFgYDVQQDEw9MQVBUT1AtNDBOMTBTVFEwggEiMA0GCSqG&#xA;SIb3DQEBAQUAA4IBDwAwggEKAoIBAQDQSOFhW+vQiCtIVtKiUmbh8n5qjQCxrlZb&#xA;hyd+XnegiJNQA/Cu5yZh5HZBYIR5GMFdKXA+nNxSurlWpjuLhlFprXgbg+82DmRn&#xA;63FoY16SaaGED76gPao1sz/cs0tAnaiEEqFBaixHhFtpD/P4VySphurBFVCWT/Qf&#xA;AgdD1yARLfQ4mINjf0S/JoSQgrr4+E6nNgXx6a3pDEBwAKOJ5GgZJLaHhFmtt4UB&#xA;8TnAskrbU5fEgNtgmYSm2Om+vRKne6DD0c+RNbaveHBdaQGy9c2DwG2J0JWQLVJm&#xA;kWuKH9AfZywdtotRchDotKVIeVLuvadlfAlWogxx1viFQvB5svXZAgMBAAGjJDAi&#xA;MBMGA1UdJQQMMAoGCCsGAQUFBwMBMAsGA1UdDwQEAwIEMDANBgkqhkiG9w0BAQsF&#xA;AAOCAQEAt1aKqvZXKWJccKEYb4kQBHVLriB+LrDSQjTF29vXJ2Znyknr0WI7cPWP&#xA;l2+T4oQ3wPw22ctld3WCsFkEyVAzRWNYxeFOPgL1MRHucsDf5gjMp+25TIwc0weA&#xA;HutmYkVvRH+Lrkub9JmA+cEZBpyMUR+lEqUuiLsVmURoHnRrOYG17aMJSmM9EZee&#xA;kfkl4pamuWRPNLFpthhQ8uw2offN2uIrrtcxVxd9cazm3epEc1GkHWh31ero6dXQ&#xA;aQaKEYR351HXrnAtei1UOiLg7yKVcFGxdvf7NX0Rh4UJ63L2PsEl2Jg78/IitC9n&#xA;/Io9CsuJi9rSgxgR3/sMR4cvyzNh6w==" ID="tokuda@tuk2ku.com"/><C><T ID="1" SID="0"><L P="3485" N="fe80::f1e2:e3a8:3981:aea%9"/><L P="3486" N="fe80::d1fd:a2df:4f62:d31c%13"/><L P="3487" N="fe80::6459:1f71:2056:fbae%7"/><L P="3488" N="192.168.56.1"/><L P="3489" N="172.22.34.177"/><L P="3490" N="192.168.115.8"/></T></C></E>
